Workbook

Sheet Assessment
A1: Field Visit Risk Assessment: risk factor values (SYNTHETIC, fictional program)
A3: ID | B3: Category | C3: Factor | D3: Weight category | E3: Answer | F3: Weight | G3: Risk score | H3: Uncertainty | I3: Row risk | J3: Row uncertainty | K3: Critical warning
A4: L1 | B4: Likelihood | C4: Prior hostile contact at site | D4: Critical | E4: None known | F4: =VLOOKUP(D4,Weights!$A$2:$B$5,2,FALSE) | G4: =INDEX(Options!$D$2:$D$37,MATCH(A4&"|"&E4,Options!$A$2:$A$37,0)) | H4: =INDEX(Options!$E$2:$E$37,MATCH(A4&"|"&E4,Options!$A$2:$A$37,0)) | I4: =G4*F4 | J4: =H4*F4 | K4: =IF(AND(D4="Critical",G4=10),1,0)
A5: L2 | B5: Likelihood | C5: Remote or hard-to-reach site | D5: Medium | E5: None known | F5: =VLOOKUP(D5,Weights!$A$2:$B$5,2,FALSE) | G5: =INDEX(Options!$D$2:$D$37,MATCH(A5&"|"&E5,Options!$A$2:$A$37,0)) | H5: =INDEX(Options!$E$2:$E$37,MATCH(A5&"|"&E5,Options!$A$2:$A$37,0)) | I5: =G5*F5 | J5: =H5*F5 | K5: =IF(AND(D5="Critical",G5=10),1,0)
A6: L3 | B6: Likelihood | C6: Working alone | D6: High | E6: None known | F6: =VLOOKUP(D6,Weights!$A$2:$B$5,2,FALSE) | G6: =INDEX(Options!$D$2:$D$37,MATCH(A6&"|"&E6,Options!$A$2:$A$37,0)) | H6: =INDEX(Options!$E$2:$E$37,MATCH(A6&"|"&E6,Options!$A$2:$A$37,0)) | I6: =G6*F6 | J6: =H6*F6 | K6: =IF(AND(D6="Critical",G6=10),1,0)
A7: C1 | B7: Consequence | C7: Hazardous materials on site | D7: Critical | E7: None known | F7: =VLOOKUP(D7,Weights!$A$2:$B$5,2,FALSE) | G7: =INDEX(Options!$D$2:$D$37,MATCH(A7&"|"&E7,Options!$A$2:$A$37,0)) | H7: =INDEX(Options!$E$2:$E$37,MATCH(A7&"|"&E7,Options!$A$2:$A$37,0)) | I7: =G7*F7 | J7: =H7*F7 | K7: =IF(AND(D7="Critical",G7=10),1,0)
A8: C2 | B8: Consequence | C8: Distance to medical help | D8: Medium | E8: None known | F8: =VLOOKUP(D8,Weights!$A$2:$B$5,2,FALSE) | G8: =INDEX(Options!$D$2:$D$37,MATCH(A8&"|"&E8,Options!$A$2:$A$37,0)) | H8: =INDEX(Options!$E$2:$E$37,MATCH(A8&"|"&E8,Options!$A$2:$A$37,0)) | I8: =G8*F8 | J8: =H8*F8 | K8: =IF(AND(D8="Critical",G8=10),1,0)
A9: C3 | B9: Consequence | C9: Severe weather | D9: Low | E9: None known | F9: =VLOOKUP(D9,Weights!$A$2:$B$5,2,FALSE) | G9: =INDEX(Options!$D$2:$D$37,MATCH(A9&"|"&E9,Options!$A$2:$A$37,0)) | H9: =INDEX(Options!$E$2:$E$37,MATCH(A9&"|"&E9,Options!$A$2:$A$37,0)) | I9: =G9*F9 | J9: =H9*F9 | K9: =IF(AND(D9="Critical",G9=10),1,0)
A10: M1 | B10: Mitigation | C10: Check-in plan | D10: High | E10: In place and tested | F10: =VLOOKUP(D10,Weights!$A$2:$B$5,2,FALSE) | G10: =INDEX(Options!$D$2:$D$37,MATCH(A10&"|"&E10,Options!$A$2:$A$37,0)) | H10: =INDEX(Options!$E$2:$E$37,MATCH(A10&"|"&E10,Options!$A$2:$A$37,0)) | I10: =G10*F10 | J10: =H10*F10 | K10: =IF(AND(D10="Critical",G10=10),1,0)
A11: M2 | B11: Mitigation | C11: Second person attending | D11: Medium | E11: In place and tested | F11: =VLOOKUP(D11,Weights!$A$2:$B$5,2,FALSE) | G11: =INDEX(Options!$D$2:$D$37,MATCH(A11&"|"&E11,Options!$A$2:$A$37,0)) | H11: =INDEX(Options!$E$2:$E$37,MATCH(A11&"|"&E11,Options!$A$2:$A$37,0)) | I11: =G11*F11 | J11: =H11*F11 | K11: =IF(AND(D11="Critical",G11=10),1,0)
A12: M3 | B12: Mitigation | C12: Satellite communicator | D12: Low | E12: In place and tested | F12: =VLOOKUP(D12,Weights!$A$2:$B$5,2,FALSE) | G12: =INDEX(Options!$D$2:$D$37,MATCH(A12&"|"&E12,Options!$A$2:$A$37,0)) | H12: =INDEX(Options!$E$2:$E$37,MATCH(A12&"|"&E12,Options!$A$2:$A$37,0)) | I12: =G12*F12 | J12: =H12*F12 | K12: =IF(AND(D12="Critical",G12=10),1,0)
H14: Likelihood subtotal | I14: =MAX(1,SUMIF($B$4:$B$12,"Likelihood",$I$4:$I$12))
H15: Consequence subtotal | I15: =MAX(1,SUMIF($B$4:$B$12,"Consequence",$I$4:$I$12))
H16: Mitigation subtotal | I16: =MAX(1,SUMIF($B$4:$B$12,"Mitigation",$I$4:$I$12))
H18: Total risk score | I18: =I14*I15*I16
H19: Overall risk | I19: =IF(I18<50000,"Low",IF(I18<300000,"Moderate",IF(I18<1000000,"High","Extreme")))
H20: Uncertainty score | I20: =SUM(J4:J12)
H21: Uncertainty level | I21: =IF(I20<60,"Low",IF(I20<90,"Medium","High"))
H22: Single critical factor warning | I22: =IF(SUM(K4:K12)>0,"WARNING","")
H23: Supervisor approval required | I23: =IF(OR(I22="WARNING",I19="High",I19="Extreme"),"Yes","No")

Sheet Weights
A1: Weight category | B1: Weight
A2: Low | B2: 1
A3: Medium | B3: 3
A4: High | B4: 5
A5: Critical | B5: 10

Sheet Options
A1: Key | B1: Factor | C1: Option | D1: Risk score | E1: Uncertainty score
A2: L1|None known | B2: L1 | C2: None known | D2: 1 | E2: 2
A3: L1|Possible | B3: L1 | C3: Possible | D3: 3 | E3: 3
A4: L1|Likely | B4: L1 | C4: Likely | D4: 6 | E4: 2
A5: L1|Confirmed | B5: L1 | C5: Confirmed | D5: 10 | E5: 1
A6: L2|None known | B6: L2 | C6: None known | D6: 1 | E6: 2
A7: L2|Possible | B7: L2 | C7: Possible | D7: 3 | E7: 3
A8: L2|Likely | B8: L2 | C8: Likely | D8: 6 | E8: 2
A9: L2|Confirmed | B9: L2 | C9: Confirmed | D9: 10 | E9: 1
A10: L3|None known | B10: L3 | C10: None known | D10: 1 | E10: 2
A11: L3|Possible | B11: L3 | C11: Possible | D11: 3 | E11: 3
A12: L3|Likely | B12: L3 | C12: Likely | D12: 6 | E12: 2
A13: L3|Confirmed | B13: L3 | C13: Confirmed | D13: 10 | E13: 1
... A37: M3|None | B37: M3 | C37: None | D37: 10 | E37: 1
